track,artist,time
Plenty,Guru's Jazzmatazz,4:39
So Far to Go - Short Edit,J Dilla,4:00
Astronaut,Quasimoto,2:10
Mashin' Up Da World (feat. Junior Reid & Prodigal Son),Guru's Jazzmatazz,5:21
Runnin',The Pharcyde,4:56
Grown Man Sport,Pete Rock,4:36
Montego Slay,People Under The Stairs,3:58
Dang! (feat. Anderson .Paak),Mac Miller,5:05
Sunshine,Mos Def,4:26
1nce Again (feat. Tammy Lucas) - Radio Version,A Tribe Called Quest,3:49
Jettin',Digable Planets,4:39
The Look of Love Pt. 1,Slum Village,3:38
Music Evolution,Buckshot LeFonque,4:59
Mellow My Man,The Roots,4:42
Get Down - Q-Tip Remix,Craig Mack,3:58
Forth & Back - Remix,Jay Dee,3:37
Get Ta Steppin',Hi-Tek,4:37
Peachfuzz,K.M.D.,4:00
Who's There? (feat. Les Nubians),Guru's Jazzmatazz,4:06
Jazz et th√© vert,Souleance,3:33
Flip Ya Lid,Nightmares On Wax,5:24
Canned Heat,Jamiroquai,5:32
The Light,Common,4:22
Passin' Me By,The Pharcyde,5:03
Intro,Guru's Jazzmatazz,1:06
Ease My Mind,Jazz Liberatorz,5:29
We Get High,John Jackson,4:16
Killing Time,James Taylor Quartet,4:53
What They Do,The Roots,5:57
Brown Skin Lady,Black Star,5:47
